{"brand":{"brand":"Starlab","brandId":["E2896-0200"]},"cornerOffsetFromSlot":{"x":0,"y":0,"z":0},"dimensions":{"xDimension":127.76,"yDimension":85.47,"zDimension":41.2},"groups":[{"brand":{"brand":"Starlab","brandId":["E2896-0200"]},"metadata":{"displayCategory":"wellPlate","displayName":"Starlab 96 Well Plate 2200 µL","wellBottomShape":"v"},"wells":["A1","B1","C1","D1","E1","F1","G1","H1","A2","B2","C2","D2","E2","F2","G2","H2","A3","B3","C3","D3","E3","F3","G3","H3","A4","B4","C4","D4","E4","F4","G4","H4","A5","B5","C5","D5","E5","F5","G5","H5","A6","B6","C6","D6","E6","F6","G6","H6","A7","B7","C7","D7","E7","F7","G7","H7","A8","B8","C8","D8","E8","F8","G8","H8","A9","B9","C9","D9","E9","F9","G9","H9","A10","B10","C10","D10","E10","F10","G10","H10","A11","B11","C11","D11","E11","F11","G11","H11","A12","B12","C12","D12","E12","F12","G12","H12"]}],"metadata":{"displayCategory":"wellPlate","displayName":"Starlab 96 Well Plate 2200 µL","displayVolumeUnits":"µL","tags":[]},"namespace":"custom_beta","ordering":[["A1","B1","C1","D1","E1","F1","G1","H1"],["A2","B2","C2","D2","E2","F2","G2","H2"],["A3","B3","C3","D3","E3","F3","G3","H3"],["A4","B4","C4","D4","E4","F4","G4","H4"],["A5","B5","C5","D5","E5","F5","G5","H5"],["A6","B6","C6","D6","E6","F6","G6","H6"],["A7","B7","C7","D7","E7","F7","G7","H7"],["A8","B8","C8","D8","E8","F8","G8","H8"],["A9","B9","C9","D9","E9","F9","G9","H9"],["A10","B10","C10","D10","E10","F10","G10","H10"],["A11","B11","C11","D11","E11","F11","G11","H11"],["A12","B12","C12","D12","E12","F12","G12","H12"]],"parameters":{"format":"irregular","isMagneticModuleCompatible":false,"isTiprack":false,"loadName":"starlab_96_wellplate_2200ul","quirks":[]},"schemaVersion":2,"version":1,"wells":{"A1":{"depth":37,"shape":"rectangular","totalLiquidVolume":2200,"x":14.38,"xDimension":8.2,"y":74.23,"yDimension":8.2,"z":4.2},"A10":{"depth":37,"shape":"rectangular","totalLiquidVolume":2200,"x":95.38,"xDimension":8.2,"y":74.23,"yDimension":8.2,"z":4.2},"A11":{"depth":37,"shape":"rectangular","totalLiquidVolume":2200,"x":104.38,"xDimension":8.2,"y":74.23,"yDimension":8.2,"z":4.2},"A12":{"depth":37,"shape":"rectangular","totalLiquidVolume":2200,"x":113.38,"xDimension":8.2,"y":74.23,"yDimension":8.2,"z":4.2},"A2":{"depth":37,"shape":"rectangular","totalLiquidVolume":2200,"x":23.38,"xDimension":8.2,"y":74.23,"yDimension":8.2,"z":4.2},"A3":{"depth":37,"shape":"rectangular","totalLiquidVolume":2200,"x":32.38,"xDimension":8.2,"y":74.23,"yDimension":8.2,"z":4.2},"A4":{"depth":37,"shape":"rectangular","totalLiquidVolume":2200,"x":41.38,"xDimension":8.2,"y":74.23,"yDimension":8.2,"z":4.2},"A5":{"depth":37,"shape":"rectangular","totalLiquidVolume":2200,"x":50.38,"xDimension":8.2,"y":74.23,"yDimension":8.2,"z":4.2},"A6":{"depth":37,"shape":"rectangular","totalLiquidVolume":2200,"x":59.38,"xDimension":8.2,"y":74.23,"yDimension":8.2,"z":4.2},"A7":{"depth":37,"shape":"rectangular","totalLiquidVolume":2200,"x":68.38,"xDimension":8.2,"y":74.23,"yDimension":8.2,"z":4.2},"A8":{"depth":37,"shape":"rectangular","totalLiquidVolume":2200,"x":77.38,"xDimension":8.2,"y":74.23,"yDimension":8.2,"z":4.2},"A9":{"depth":37,"shape":"rectangular","totalLiquidVolume":2200,"x":86.38,"xDimension":8.2,"y":74.23,"yDimension":8.2,"z":4.2},"B1":{"depth":37,"shape":"rectangular","totalLiquidVolume":2200,"x":14.38,"xDimension":8.2,"y":65.23,"yDimension":8.2,"z":4.2},"B10":{"depth":37,"shape":"rectangular","totalLiquidVolume":2200,"x":95.38,"xDimension":8.2,"y":65.23,"yDimension":8.2,"z":4.2},"B11":{"depth":37,"shape":"rectangular","totalLiquidVolume":2200,"x":104.38,"xDimension":8.2,"y":65.23,"yDimension":8.2,"z":4.2},"B12":{"depth":37,"shape":"rectangular","totalLiquidVolume":2200,"x":113.38,"xDimension":8.2,"y":65.23,"yDimension":8.2,"z":4.2},"B2":{"depth":37,"shape":"rectangular","totalLiquidVolume":2200,"x":23.38,"xDimension":8.2,"y":65.23,"yDimension":8.2,"z":4.2},"B3":{"depth":37,"shape":"rectangular","totalLiquidVolume":2200,"x":32.38,"xDimension":8.2,"y":65.23,"yDimension":8.2,"z":4.2},"B4":{"depth":37,"shape":"rectangular","totalLiquidVolume":2200,"x":41.38,"xDimension":8.2,"y":65.23,"yDimension":8.2,"z":4.2},"B5":{"depth":37,"shape":"rectangular","totalLiquidVolume":2200,"x":50.38,"xDimension":8.2,"y":65.23,"yDimension":8.2,"z":4.2},"B6":{"depth":37,"shape":"rectangular","totalLiquidVolume":2200,"x":59.38,"xDimension":8.2,"y":65.23,"yDimension":8.2,"z":4.2},"B7":{"depth":37,"shape":"rectangular","totalLiquidVolume":2200,"x":68.38,"xDimension":8.2,"y":65.23,"yDimension":8.2,"z":4.2},"B8":{"depth":37,"shape":"rectangular","totalLiquidVolume":2200,"x":77.38,"xDimension":8.2,"y":65.23,"yDimension":8.2,"z":4.2},"B9":{"depth":37,"shape":"rectangular","totalLiquidVolume":2200,"x":86.38,"xDimension":8.2,"y":65.23,"yDimension":8.2,"z":4.2},"C1":{"depth":37,"shape":"rectangular","totalLiquidVolume":2200,"x":14.38,"xDimension":8.2,"y":56.23,"yDimension":8.2,"z":4.2},"C10":{"depth":37,"shape":"rectangular","totalLiquidVolume":2200,"x":95.38,"xDimension":8.2,"y":56.23,"yDimension":8.2,"z":4.2},"C11":{"depth":37,"shape":"rectangular","totalLiquidVolume":2200,"x":104.38,"xDimension":8.2,"y":56.23,"yDimension":8.2,"z":4.2},"C12":{"depth":37,"shape":"rectangular","totalLiquidVolume":2200,"x":113.38,"xDimension":8.2,"y":56.23,"yDimension":8.2,"z":4.2},"C2":{"depth":37,"shape":"rectangular","totalLiquidVolume":2200,"x":23.38,"xDimension":8.2,"y":56.23,"yDimension":8.2,"z":4.2},"C3":{"depth":37,"shape":"rectangular","totalLiquidVolume":2200,"x":32.38,"xDimension":8.2,"y":56.23,"yDimension":8.2,"z":4.2},"C4":{"depth":37,"shape":"rectangular","totalLiquidVolume":2200,"x":41.38,"xDimension":8.2,"y":56.23,"yDimension":8.2,"z":4.2},"C5":{"depth":37,"shape":"rectangular","totalLiquidVolume":2200,"x":50.38,"xDimension":8.2,"y":56.23,"yDimension":8.2,"z":4.2},"C6":{"depth":37,"shape":"rectangular","totalLiquidVolume":2200,"x":59.38,"xDimension":8.2,"y":56.23,"yDimension":8.2,"z":4.2},"C7":{"depth":37,"shape":"rectangular","totalLiquidVolume":2200,"x":68.38,"xDimension":8.2,"y":56.23,"yDimension":8.2,"z":4.2},"C8":{"depth":37,"shape":"rectangular","totalLiquidVolume":2200,"x":77.38,"xDimension":8.2,"y":56.23,"yDimension":8.2,"z":4.2},"C9":{"depth":37,"shape":"rectangular","totalLiquidVolume":2200,"x":86.38,"xDimension":8.2,"y":56.23,"yDimension":8.2,"z":4.2},"D1":{"depth":37,"shape":"rectangular","totalLiquidVolume":2200,"x":14.38,"xDimension":8.2,"y":47.23,"yDimension":8.2,"z":4.2},"D10":{"depth":37,"shape":"rectangular","totalLiquidVolume":2200,"x":95.38,"xDimension":8.2,"y":47.23,"yDimension":8.2,"z":4.2},"D11":{"depth":37,"shape":"rectangular","totalLiquidVolume":2200,"x":104.38,"xDimension":8.2,"y":47.23,"yDimension":8.2,"z":4.2},"D12":{"depth":37,"shape":"rectangular","totalLiquidVolume":2200,"x":113.38,"xDimension":8.2,"y":47.23,"yDimension":8.2,"z":4.2},"D2":{"depth":37,"shape":"rectangular","totalLiquidVolume":2200,"x":23.38,"xDimension":8.2,"y":47.23,"yDimension":8.2,"z":4.2},"D3":{"depth":37,"shape":"rectangular","totalLiquidVolume":2200,"x":32.38,"xDimension":8.2,"y":47.23,"yDimension":8.2,"z":4.2},"D4":{"depth":37,"shape":"rectangular","totalLiquidVolume":2200,"x":41.38,"xDimension":8.2,"y":47.23,"yDimension":8.2,"z":4.2},"D5":{"depth":37,"shape":"rectangular","totalLiquidVolume":2200,"x":50.38,"xDimension":8.2,"y":47.23,"yDimension":8.2,"z":4.2},"D6":{"depth":37,"shape":"rectangular","totalLiquidVolume":2200,"x":59.38,"xDimension":8.2,"y":47.23,"yDimension":8.2,"z":4.2},"D7":{"depth":37,"shape":"rectangular","totalLiquidVolume":2200,"x":68.38,"xDimension":8.2,"y":47.23,"yDimension":8.2,"z":4.2},"D8":{"depth":37,"shape":"rectangular","totalLiquidVolume":2200,"x":77.38,"xDimension":8.2,"y":47.23,"yDimension":8.2,"z":4.2},"D9":{"depth":37,"shape":"rectangular","totalLiquidVolume":2200,"x":86.38,"xDimension":8.2,"y":47.23,"yDimension":8.2,"z":4.2},"E1":{"depth":37,"shape":"rectangular","totalLiquidVolume":2200,"x":14.38,"xDimension":8.2,"y":38.23,"yDimension":8.2,"z":4.2},"E10":{"depth":37,"shape":"rectangular","totalLiquidVolume":2200,"x":95.38,"xDimension":8.2,"y":38.23,"yDimension":8.2,"z":4.2},"E11":{"depth":37,"shape":"rectangular","totalLiquidVolume":2200,"x":104.38,"xDimension":8.2,"y":38.23,"yDimension":8.2,"z":4.2},"E12":{"depth":37,"shape":"rectangular","totalLiquidVolume":2200,"x":113.38,"xDimension":8.2,"y":38.23,"yDimension":8.2,"z":4.2},"E2":{"depth":37,"shape":"rectangular","totalLiquidVolume":2200,"x":23.38,"xDimension":8.2,"y":38.23,"yDimension":8.2,"z":4.2},"E3":{"depth":37,"shape":"rectangular","totalLiquidVolume":2200,"x":32.38,"xDimension":8.2,"y":38.23,"yDimension":8.2,"z":4.2},"E4":{"depth":37,"shape":"rectangular","totalLiquidVolume":2200,"x":41.38,"xDimension":8.2,"y":38.23,"yDimension":8.2,"z":4.2},"E5":{"depth":37,"shape":"rectangular","totalLiquidVolume":2200,"x":50.38,"xDimension":8.2,"y":38.23,"yDimension":8.2,"z":4.2},"E6":{"depth":37,"shape":"rectangular","totalLiquidVolume":2200,"x":59.38,"xDimension":8.2,"y":38.23,"yDimension":8.2,"z":4.2},"E7":{"depth":37,"shape":"rectangular","totalLiquidVolume":2200,"x":68.38,"xDimension":8.2,"y":38.23,"yDimension":8.2,"z":4.2},"E8":{"depth":37,"shape":"rectangular","totalLiquidVolume":2200,"x":77.38,"xDimension":8.2,"y":38.23,"yDimension":8.2,"z":4.2},"E9":{"depth":37,"shape":"rectangular","totalLiquidVolume":2200,"x":86.38,"xDimension":8.2,"y":38.23,"yDimension":8.2,"z":4.2},"F1":{"depth":37,"shape":"rectangular","totalLiquidVolume":2200,"x":14.38,"xDimension":8.2,"y":29.23,"yDimension":8.2,"z":4.2},"F10":{"depth":37,"shape":"rectangular","totalLiquidVolume":2200,"x":95.38,"xDimension":8.2,"y":29.23,"yDimension":8.2,"z":4.2},"F11":{"depth":37,"shape":"rectangular","totalLiquidVolume":2200,"x":104.38,"xDimension":8.2,"y":29.23,"yDimension":8.2,"z":4.2},"F12":{"depth":37,"shape":"rectangular","totalLiquidVolume":2200,"x":113.38,"xDimension":8.2,"y":29.23,"yDimension":8.2,"z":4.2},"F2":{"depth":37,"shape":"rectangular","totalLiquidVolume":2200,"x":23.38,"xDimension":8.2,"y":29.23,"yDimension":8.2,"z":4.2},"F3":{"depth":37,"shape":"rectangular","totalLiquidVolume":2200,"x":32.38,"xDimension":8.2,"y":29.23,"yDimension":8.2,"z":4.2},"F4":{"depth":37,"shape":"rectangular","totalLiquidVolume":2200,"x":41.38,"xDimension":8.2,"y":29.23,"yDimension":8.2,"z":4.2},"F5":{"depth":37,"shape":"rectangular","totalLiquidVolume":2200,"x":50.38,"xDimension":8.2,"y":29.23,"yDimension":8.2,"z":4.2},"F6":{"depth":37,"shape":"rectangular","totalLiquidVolume":2200,"x":59.38,"xDimension":8.2,"y":29.23,"yDimension":8.2,"z":4.2},"F7":{"depth":37,"shape":"rectangular","totalLiquidVolume":2200,"x":68.38,"xDimension":8.2,"y":29.23,"yDimension":8.2,"z":4.2},"F8":{"depth":37,"shape":"rectangular","totalLiquidVolume":2200,"x":77.38,"xDimension":8.2,"y":29.23,"yDimension":8.2,"z":4.2},"F9":{"depth":37,"shape":"rectangular","totalLiquidVolume":2200,"x":86.38,"xDimension":8.2,"y":29.23,"yDimension":8.2,"z":4.2},"G1":{"depth":37,"shape":"rectangular","totalLiquidVolume":2200,"x":14.38,"xDimension":8.2,"y":20.23,"yDimension":8.2,"z":4.2},"G10":{"depth":37,"shape":"rectangular","totalLiquidVolume":2200,"x":95.38,"xDimension":8.2,"y":20.23,"yDimension":8.2,"z":4.2},"G11":{"depth":37,"shape":"rectangular","totalLiquidVolume":2200,"x":104.38,"xDimension":8.2,"y":20.23,"yDimension":8.2,"z":4.2},"G12":{"depth":37,"shape":"rectangular","totalLiquidVolume":2200,"x":113.38,"xDimension":8.2,"y":20.23,"yDimension":8.2,"z":4.2},"G2":{"depth":37,"shape":"rectangular","totalLiquidVolume":2200,"x":23.38,"xDimension":8.2,"y":20.23,"yDimension":8.2,"z":4.2},"G3":{"depth":37,"shape":"rectangular","totalLiquidVolume":2200,"x":32.38,"xDimension":8.2,"y":20.23,"yDimension":8.2,"z":4.2},"G4":{"depth":37,"shape":"rectangular","totalLiquidVolume":2200,"x":41.38,"xDimension":8.2,"y":20.23,"yDimension":8.2,"z":4.2},"G5":{"depth":37,"shape":"rectangular","totalLiquidVolume":2200,"x":50.38,"xDimension":8.2,"y":20.23,"yDimension":8.2,"z":4.2},"G6":{"depth":37,"shape":"rectangular","totalLiquidVolume":2200,"x":59.38,"xDimension":8.2,"y":20.23,"yDimension":8.2,"z":4.2},"G7":{"depth":37,"shape":"rectangular","totalLiquidVolume":2200,"x":68.38,"xDimension":8.2,"y":20.23,"yDimension":8.2,"z":4.2},"G8":{"depth":37,"shape":"rectangular","totalLiquidVolume":2200,"x":77.38,"xDimension":8.2,"y":20.23,"yDimension":8.2,"z":4.2},"G9":{"depth":37,"shape":"rectangular","totalLiquidVolume":2200,"x":86.38,"xDimension":8.2,"y":20.23,"yDimension":8.2,"z":4.2},"H1":{"depth":37,"shape":"rectangular","totalLiquidVolume":2200,"x":14.38,"xDimension":8.2,"y":11.23,"yDimension":8.2,"z":4.2},"H10":{"depth":37,"shape":"rectangular","totalLiquidVolume":2200,"x":95.38,"xDimension":8.2,"y":11.23,"yDimension":8.2,"z":4.2},"H11":{"depth":37,"shape":"rectangular","totalLiquidVolume":2200,"x":104.38,"xDimension":8.2,"y":11.23,"yDimension":8.2,"z":4.2},"H12":{"depth":37,"shape":"rectangular","totalLiquidVolume":2200,"x":113.38,"xDimension":8.2,"y":11.23,"yDimension":8.2,"z":4.2},"H2":{"depth":37,"shape":"rectangular","totalLiquidVolume":2200,"x":23.38,"xDimension":8.2,"y":11.23,"yDimension":8.2,"z":4.2},"H3":{"depth":37,"shape":"rectangular","totalLiquidVolume":2200,"x":32.38,"xDimension":8.2,"y":11.23,"yDimension":8.2,"z":4.2},"H4":{"depth":37,"shape":"rectangular","totalLiquidVolume":2200,"x":41.38,"xDimension":8.2,"y":11.23,"yDimension":8.2,"z":4.2},"H5":{"depth":37,"shape":"rectangular","totalLiquidVolume":2200,"x":50.38,"xDimension":8.2,"y":11.23,"yDimension":8.2,"z":4.2},"H6":{"depth":37,"shape":"rectangular","totalLiquidVolume":2200,"x":59.38,"xDimension":8.2,"y":11.23,"yDimension":8.2,"z":4.2},"H7":{"depth":37,"shape":"rectangular","totalLiquidVolume":2200,"x":68.38,"xDimension":8.2,"y":11.23,"yDimension":8.2,"z":4.2},"H8":{"depth":37,"shape":"rectangular","totalLiquidVolume":2200,"x":77.38,"xDimension":8.2,"y":11.23,"yDimension":8.2,"z":4.2},"H9":{"depth":37,"shape":"rectangular","totalLiquidVolume":2200,"x":86.38,"xDimension":8.2,"y":11.23,"yDimension":8.2,"z":4.2}}}